{
  "controller/NotFound.controller.js": 1629121790458,
  "model/models.js": 1629121790462,
  "manifest.json": 1629622926594,
  "model/formatter.js": 1629121790462,
  "controller/Worklist.controller.js": 1629121790458,
  "controller/Object.controller.js": 1629121790458,
  "i18n/i18n.properties": 1629121790458,
  "controller/ErrorHandler.js": 1629121790458,
  "controller/BaseController.js": 1629121790458,
  "controller/App.controller.js": 1629121790458,
  "Component.js": 1629121790458,
  "manifest-bundle.zip": 1629622926610,
  "Component-preload.js": 1629622927033,
  "controller/BaseController-dbg.js": 1629121790458,
  "model/formatter-dbg.js": 1629121790462,
  "controller/Worklist-dbg.controller.js": 1629121790458,
  "controller/Object-dbg.controller.js": 1629121790458,
  "controller/NotFound-dbg.controller.js": 1629121790458,
  "controller/ErrorHandler-dbg.js": 1629121790458,
  "model/models-dbg.js": 1629121790462,
  "controller/App-dbg.controller.js": 1629121790458,
  "Component-dbg.js": 1629121790458,
  "view/Worklist.view.xml": 1629140464377,
  "view/ObjectNotFound.view.xml": 1629121790470,
  "view/Object.view.xml": 1629197541125,
  "view/NotFound.view.xml": 1629121790470,
  "view/App.view.xml": 1629121790470,
  "test.html": 1629121790466,
  "index.html": 1629121790458
}